gameID,season
4399,2014
4400,2014
4401,2014
4402,2014
4403,2014
4404,2014
4405,2014
4406,2014
4407,2014
4408,2014
4409,2014
4410,2014
4411,2014
4412,2014
4413,2014
4414,2014
4415,2014
4416,2014
4417,2014
4418,2014
4419,2014
4420,2014
4421,2014
4422,2014
4423,2014
4424,2014
4425,2014
4426,2014
4427,2014
4428,2014
4429,2014
4430,2014
4431,2014
4432,2014
4433,2014
4434,2014
4435,2014
4436,2014
4437,2014
4438,2014
4439,2014
4440,2014
4441,2014
4442,2014
4443,2014
4444,2014
4445,2014
4446,2014
4447,2014
4448,2014
4449,2014
4450,2014
4451,2014
4452,2014
4453,2014
4454,2014
4455,2014
4456,2014
4457,2014
4458,2014
4459,2014
4460,2014
4461,2014
4462,2014
4463,2014
4464,2014
4465,2014
4466,2014
4467,2014
4468,2014
4469,2014
4470,2014
4471,2014
4472,2014
4473,2014
4474,2014
4475,2014
4476,2014
4477,2014
4478,2014
4479,2014
4480,2014
4481,2014
4482,2014
4483,2014
4484,2014
4485,2014
4486,2014
4487,2014
4488,2014
4489,2014
4490,2014
4491,2014
4492,2014
4493,2014
4494,2014
4495,2014
4496,2014
4497,2014
4498,2014
4499,2014
4500,2014
4501,2014
4502,2014
4503,2014
4504,2014
4505,2014
4506,2014
4507,2014
4508,2014
4509,2014
4510,2014
4511,2014
4512,2014
4513,2014
4514,2014
4515,2014
4516,2014
4517,2014
4518,2014
4519,2014
4520,2014
4521,2014
4522,2014
4523,2014
4524,2014
4525,2014
4526,2014
4527,2014
4528,2014
4529,2014
4530,2014
4531,2014
4532,2014
4533,2014
4534,2014
4535,2014
4536,2014
4537,2014
4538,2014
4539,2014
4540,2014
4541,2014
4542,2014
4543,2014
4544,2014
4545,2014
4546,2014
4547,2014
4548,2014
4549,2014
4550,2014
4551,2014
4552,2014
4553,2014
4554,2014
4555,2014
4556,2014
4557,2014
4558,2014
4559,2014
4560,2014
4561,2014
4562,2014
4563,2014
4564,2014
4565,2014
4566,2014
4567,2014
4568,2014
4569,2014
4570,2014
4571,2014
4572,2014
4573,2014
4574,2014
4575,2014
4576,2014
4577,2014
4578,2014
4579,2014
4580,2014
4581,2014
4582,2014
4583,2014
4584,2014
4585,2014
4586,2014
4587,2014
4588,2014
4589,2014
4590,2014
4591,2014
4592,2014
4593,2014
4594,2014
4595,2014
4596,2014
4597,2014
4598,2014
4599,2014
4600,2014
4601,2014
4602,2014
4603,2014
4604,2014
4605,2014
4606,2014
4607,2014
4608,2014
4609,2014
4610,2014
4611,2014
4612,2014
4613,2014
4614,2014
4615,2014
4616,2014
4617,2014
4618,2014
4619,2014
4620,2014
4621,2014
4622,2014
4623,2014
4624,2014
4625,2014
4626,2014
4627,2014
4628,2014
4629,2014
4630,2014
4631,2014
4632,2014
4633,2014
4634,2014
4635,2014
4636,2014
4637,2014
4638,2014
4639,2014
4640,2014
4641,2014
4642,2014
4643,2014
4644,2014
4645,2014
4646,2014
4647,2014
4648,2014
4649,2014
4650,2014
4651,2014
4652,2014
4653,2014
4654,2014
4655,2014
4656,2014
4657,2014
4658,2014
4659,2014
4660,2014
4661,2014
4662,2014
4663,2014
4664,2014
4665,2014
4666,2014
4667,2014
4668,2014
4669,2014
4670,2014
4671,2014
4672,2014
4673,2014
4674,2014
4675,2014
4676,2014
4677,2014
4678,2014
4679,2014
4680,2014
4681,2014
4682,2014
4683,2014
4684,2014
4685,2014
4686,2014
4687,2014
4688,2014
4689,2014
4690,2014
4691,2014
4692,2014
4693,2014
4694,2014
4695,2014
4696,2014
4697,2014
4698,2014
4699,2014
4700,2014
4701,2014
4702,2014
4703,2014
4704,2014
4705,2014
4706,2014
4707,2014
4708,2014
4709,2014
4710,2014
4711,2014
4712,2014
4713,2014
4714,2014
4715,2014
4716,2014
4717,2014
4718,2014
4719,2014
4720,2014
4721,2014
4722,2014
4723,2014
4724,2014
4725,2014
4726,2014
4727,2014
4728,2014
4729,2014
4730,2014
4731,2014
4732,2014
4733,2014
4734,2014
4735,2014
4736,2014
4737,2014
4738,2014
4739,2014
4740,2014
4741,2014
4742,2014
4743,2014
4744,2014
4745,2014
4746,2014
4747,2014
4748,2014
4749,2014
4750,2014
4751,2014
4752,2014
4753,2014
4754,2014
4755,2014
4756,2014
4757,2014
4758,2014
4759,2014
4760,2014
4761,2014
4762,2014
4763,2014
4764,2014
4765,2014
4766,2014
4767,2014
4768,2014
4769,2014
4770,2014
4771,2014
4772,2014
4773,2014
4774,2014
4775,2014
4776,2014
4777,2014
4778,2014
4779,2014
4780,2014
4781,2014
4782,2014
4783,2014
4784,2014
4785,2014
4786,2014
4787,2014
4788,2014
4789,2014
4790,2014
4791,2014
4792,2014
4793,2014
4794,2014
4795,2014
4796,2014
4797,2014
4798,2014
4799,2014
4800,2014
4801,2014
4802,2014
4803,2014
4804,2014
4805,2014
4806,2014
4807,2014
4808,2014
4809,2014
4810,2014
4811,2014
4812,2014
4813,2014
4814,2014
4815,2014
4816,2014
4817,2014
4818,2014
4819,2014
4820,2014
4821,2014
4822,2014
4823,2014
4824,2014
4825,2014
4826,2014
4827,2014
4828,2014
4829,2014
4830,2014
4831,2014
4832,2014
4833,2014
4834,2014
4835,2014
4836,2014
4837,2014
4838,2014
4839,2014
4840,2014
4841,2014
4842,2014
4843,2014
4844,2014
4845,2014
4846,2014
4847,2014
4848,2014
4849,2014
4850,2014
4851,2014
4852,2014
4853,2014
4854,2014
4855,2014
4856,2014
4857,2014
4858,2014
4859,2014
4860,2014
4861,2014
4862,2014
4863,2014
4864,2014
4865,2014
4866,2014
4867,2014
4868,2014
4869,2014
4870,2014
4871,2014
4872,2014
4873,2014
4874,2014
4875,2014
4876,2014
4877,2014
4878,2014
4879,2014
4880,2014
4881,2014
4882,2014
4883,2014
4884,2014
4885,2014
4886,2014
4887,2014
4888,2014
4889,2014
4890,2014
4891,2014
4892,2014
4893,2014
4894,2014
4895,2014
4896,2014
4897,2014
4898,2014
4899,2014
4900,2014
4901,2014
4902,2014
4903,2014
4904,2014
4905,2014
4906,2014
4907,2014
4908,2014
4909,2014
4910,2014
4911,2014
4912,2014
4913,2014
4914,2014
4915,2014
4916,2014
4917,2014
4918,2014
4919,2014
4920,2014
4921,2014
4922,2014
4923,2014
4924,2014
4925,2014
4926,2014
4927,2014
4928,2014
4929,2014
4930,2014
4931,2014
4932,2014
4933,2014
4934,2014
4935,2014
4936,2014
4937,2014
4938,2014
4939,2014
4940,2014
4941,2014
4942,2014
4943,2014
4944,2014
4945,2014
4946,2014
4947,2014
4948,2014
4949,2014
4950,2014
4951,2014
4952,2014
4953,2014
4954,2014
4955,2014
4956,2014
4957,2014
4958,2014
4959,2014
4960,2014
4961,2014
4962,2014
4963,2014
4964,2014
4965,2014
4966,2014
4967,2014
4968,2014
4969,2014
4970,2014
4971,2014
4972,2014
4973,2014
4974,2014
4975,2014
4976,2014
4977,2014
4978,2014
4979,2014
4980,2014
4981,2014
4982,2014
4983,2014
4984,2014
4985,2014
4986,2014
4987,2014
4988,2014
4989,2014
4990,2014
4991,2014
4992,2014
4993,2014
4994,2014
4995,2014
4996,2014
4997,2014
4998,2014
4999,2014
5000,2014
5001,2014
5002,2014
5003,2014
5004,2014
5005,2014
5006,2014
5007,2014
5008,2014
5009,2014
5010,2014
5011,2014
5012,2014
5013,2014
5014,2014
5015,2014
5016,2014
5017,2014
5018,2014
5019,2014
5020,2014
5021,2014
5022,2014
5023,2014
5024,2014
5025,2014
5026,2014
5027,2014
5028,2014
5029,2014
5030,2014
5031,2014
5032,2014
5033,2014
5034,2014
5035,2014
5036,2014
5037,2014
5038,2014
5039,2014
5040,2014
5041,2014
5042,2014
5043,2014
5044,2014
5045,2014
5046,2014
5047,2014
5048,2014
5049,2014
5050,2014
5051,2014
5052,2014
5053,2014
5054,2014
5055,2014
5056,2014
5057,2014
5058,2014
5059,2014
5060,2014
5061,2014
5062,2014
5063,2014
5064,2014
5065,2014
5066,2014
5067,2014
5068,2014
5069,2014
5070,2014
5071,2014
5072,2014
5073,2014
5074,2014
5075,2014
5076,2014
5077,2014
5078,2014
5079,2014
5080,2014
5081,2014
5082,2014
5083,2014
5084,2014
5085,2014
5086,2014
5087,2014
5088,2014
5089,2014
5090,2014
5091,2014
5092,2014
5093,2014
5094,2014
5095,2014
5096,2014
5097,2014
5098,2014
5099,2014
5100,2014
5101,2014
5102,2014
5103,2014
5104,2014
5105,2014
5106,2014
5107,2014
5108,2014
5109,2014
5110,2014
5111,2014
5112,2014
5113,2014
5114,2014
5115,2014
5116,2014
5117,2014
5118,2014
5119,2014
5120,2014
5121,2014
5122,2014
5123,2014
5124,2014
5125,2014
5126,2014
5127,2014
5128,2014
5129,2014
5130,2014
5131,2014
5132,2014
5133,2014
5134,2014
5135,2014
5136,2014
5137,2014
5138,2014
5139,2014
5140,2014
5141,2014
5142,2014
5143,2014
5144,2014
5145,2014
5146,2014
5147,2014
5148,2014
5149,2014
5150,2014
5151,2014
5152,2014
5153,2014
5154,2014
5155,2014
5156,2014
5157,2014
5158,2014
5159,2014
5160,2014
5161,2014
5162,2014
5163,2014
5164,2014
5165,2014
5166,2014
5167,2014
5168,2014
5169,2014
5170,2014
5171,2014
5172,2014
5173,2014
5174,2014
5175,2014
5176,2014
5177,2014
5178,2014
5179,2014
5180,2014
5181,2014
5182,2014
5183,2014
5184,2014
5185,2014
5186,2014
5187,2014
5188,2014
5189,2014
5190,2014
5191,2014
5192,2014
5193,2014
5194,2014
5195,2014
5196,2014
5197,2014
5198,2014
5199,2014
5200,2014
5201,2014
5202,2014
5203,2014
5204,2014
5205,2014
5206,2014
5207,2014
5208,2014
5209,2014
5210,2014
5211,2014
5212,2014
5213,2014
5214,2014
5215,2014
5216,2014
5217,2014
5218,2014
5219,2014
5220,2014
5221,2014
5222,2014
5223,2014
5224,2014
5225,2014
5226,2014
5227,2014
5228,2014
5229,2014
5230,2014
5231,2014
5232,2014
5233,2014
5234,2014
5235,2014
5236,2014
5237,2014
5238,2014
5239,2014
5240,2014
5241,2014
5242,2014
5243,2014
5244,2014
5245,2014
5246,2014
5247,2014
5248,2014
5249,2014
5250,2014
5251,2014
5252,2014
5253,2014
5254,2014
5255,2014
5256,2014
5257,2014
5258,2014
5259,2014
5260,2014
5261,2014
5262,2014
5263,2014
5264,2014
5265,2014
5266,2014
5267,2014
5268,2014
5269,2014
5270,2014
5271,2014
5272,2014
5273,2014
5274,2014
5275,2014
5276,2014
5277,2014
5278,2014
5279,2014
5280,2014
5281,2014
5282,2014
5283,2014
5284,2014
5285,2014
5286,2014
5287,2014
5288,2014
5289,2014
5290,2014
5291,2014
5292,2014
5293,2014
5294,2014
5295,2014
5296,2014
5297,2014
5298,2014
5299,2014
5300,2014
5301,2014
5302,2014
5303,2014
5304,2014
5305,2014
5306,2014
5307,2014
5308,2014
5309,2014
5310,2014
5311,2014
5312,2014
5313,2014
5314,2014
5315,2014
5316,2014
5317,2014
5318,2014
5319,2014
5320,2014
5321,2014
5322,2014
5323,2014
5324,2014
5325,2014
5326,2014
5327,2014
5328,2014
5329,2014
5330,2014
5331,2014
5332,2014
5333,2014
5334,2014
5335,2014
5336,2014
5337,2014
5338,2014
5339,2014
5340,2014
5341,2014
5342,2014
5343,2014
5344,2014
5345,2014
5346,2014
5347,2014
5348,2014
5349,2014
5350,2014
5351,2014
5352,2014
5353,2014
5354,2014
5355,2014
5356,2014
5357,2014
5358,2014
5359,2014
5360,2014
5361,2014
5362,2014
5363,2014
5364,2014
5365,2014
5366,2014
5367,2014
5368,2014
5369,2014
5370,2014
5371,2014
5372,2014
5373,2014
5374,2014
5375,2014
5376,2014
5377,2014
5378,2014
5379,2014
5380,2014
5381,2014
5382,2014
5383,2014
5384,2014
5385,2014
5386,2014
5387,2014
5388,2014
5389,2014
5390,2014
5391,2014
5392,2014
5393,2014
5394,2014
5395,2014
5396,2014
5397,2014
5398,2014
5399,2014
5400,2014
5401,2014
5402,2014
5403,2014
5404,2014
5405,2014
5406,2014
5407,2014
5408,2014
5409,2014
5410,2014
5411,2014
5412,2014
5413,2014
5414,2014
5415,2014
5416,2014
5417,2014
5418,2014
5419,2014
5420,2014
5421,2014
5422,2014
5423,2014
5424,2014
5425,2014
5426,2014
5427,2014
5428,2014
5429,2014
5430,2014
5431,2014
5432,2014
5433,2014
5434,2014
5435,2014
5436,2014
5437,2014
5438,2014
5439,2014
5440,2014
5441,2014
5442,2014
5443,2014
5444,2014
5445,2014
5446,2014
5447,2014
5448,2014
5449,2014
5450,2014
5451,2014
5452,2014
5453,2014
5454,2014
5455,2014
5456,2014
5457,2014
5458,2014
5459,2014
5460,2014
5461,2014
5462,2014
5463,2014
5464,2014
5465,2014
5466,2014
5467,2014
5468,2014
5469,2014
5470,2014
5471,2014
5472,2014
5473,2014
5474,2014
5475,2014
5476,2014
5477,2014
5478,2014
5479,2014
5480,2014
5481,2014
5482,2014
5483,2014
5484,2014
5485,2014
5486,2014
5487,2014
5488,2014
5489,2014
5490,2014
5491,2014
5492,2014
5493,2014
5494,2014
5495,2014
5496,2014
5497,2014
5498,2014
5499,2014
5500,2014
5501,2014
5502,2014
5503,2014
5504,2014
5505,2014
5506,2014
5507,2014
5508,2014
5509,2014
5510,2014
5511,2014
5512,2014
5513,2014
5514,2014
5515,2014
5516,2014
5517,2014
5518,2014
5519,2014
5520,2014
5521,2014
5522,2014
5523,2014
5524,2014
5525,2014
5526,2014
5527,2014
5528,2014
5529,2014
5530,2014
5531,2014
5532,2014
5533,2014
5534,2014
5535,2014
5536,2014
5537,2014
5538,2014
5539,2014
5540,2014
5541,2014
5542,2014
5543,2014
5544,2014
5545,2014
5546,2014
5547,2014
5548,2014
5549,2014
5550,2014
5551,2014
5552,2014
5553,2014
5554,2014
5555,2014
5556,2014
5557,2014
5558,2014
5559,2014
5560,2014
5561,2014
5562,2014
5563,2014
5564,2014
5565,2014
5566,2014
5567,2014
5568,2014
5569,2014
5570,2014
5571,2014
5572,2014
5573,2014
5574,2014
5575,2014
5576,2014
5577,2014
5578,2014
5579,2014
5580,2014
5581,2014
5582,2014
5583,2014
5584,2014
5585,2014
5586,2014
5587,2014
5588,2014
5589,2014
5590,2014
5591,2014
5592,2014
5593,2014
5594,2014
5595,2014
5596,2014
5597,2014
5598,2014
5599,2014
5600,2014
5601,2014
5602,2014
5603,2014
5604,2014
5605,2014
5606,2014
5607,2014
5608,2014
5609,2014
5610,2014
5611,2014
5612,2014
5613,2014
5614,2014
5615,2014
5616,2014
5617,2014
5618,2014
5619,2014
5620,2014
5621,2014
5622,2014
5623,2014
5624,2014
5625,2014
5626,2014
5627,2014
5628,2014
5629,2014
5630,2014
5631,2014
5632,2014
5633,2014
5634,2014
5635,2014
5636,2014
5637,2014
5638,2014
5639,2014
5640,2014
5641,2014
5642,2014
5643,2014
5644,2014
5645,2014
5646,2014
5647,2014
5648,2014
5649,2014
5650,2014
5651,2014
5652,2014
5653,2014
5654,2014
5655,2014
5656,2014
5657,2014
5658,2014
5659,2014
5660,2014
5661,2014
5662,2014
5663,2014
5664,2014
5665,2014
5666,2014
5667,2014
5668,2014
5669,2014
5670,2014
5671,2014
5672,2014
5673,2014
5674,2014
5675,2014
5676,2014
5677,2014
5678,2014
5679,2014
5680,2014
5681,2014
5682,2014
5683,2014
5684,2014
5685,2014
5686,2014
5687,2014
5688,2014
5689,2014
5690,2014
5691,2014
5692,2014
5693,2014
5694,2014
5695,2014
5696,2014
5697,2014
5698,2014
5699,2014
5700,2014
5701,2014
5702,2014
5703,2014
5704,2014
5705,2014
5706,2014
5707,2014
5708,2014
5709,2014
5710,2014
5711,2014
5712,2014
5713,2014
5714,2014
5715,2014
5716,2014
5717,2014
5718,2014
5719,2014
5720,2014
5721,2014
5722,2014
5723,2014
5724,2014
5725,2014
5726,2014
5727,2014
5728,2014
5729,2014
5730,2014
5731,2014
5732,2014
5733,2014
5734,2014
5735,2014
5736,2014
5737,2014
5738,2014
5739,2014
5740,2014
5741,2014
5742,2014
5743,2014
5744,2014
5745,2014
5746,2014
5747,2014
5748,2014
5749,2014
5750,2014
5751,2014
5752,2014
5753,2014
5754,2014
5755,2014
5756,2014
5757,2014
5758,2014
5759,2014
5760,2014
5761,2014
5762,2014
5763,2014
5764,2014
5765,2014
5766,2014
5767,2014
5768,2014
5769,2014
5770,2014
5771,2014
5772,2014
5773,2014
5774,2014
5775,2014
5776,2014
5777,2014
5778,2014
5779,2014
5780,2014
5781,2014
5782,2014
5783,2014
5784,2014
5785,2014
5786,2014
5787,2014
5788,2014
5789,2014
5790,2014
5791,2014
5792,2014
5793,2014
5794,2014
5795,2014
5796,2014
5797,2014
5798,2014
5799,2014
5800,2014
5801,2014
5802,2014
5803,2014
5804,2014
5805,2014
5806,2014
5807,2014
5808,2014
5809,2014
5810,2014
5811,2014
5812,2014
5813,2014
5814,2014
5815,2014
5816,2014
5817,2014
5818,2014
5819,2014
5820,2014
5821,2014
5822,2014
5823,2014
5824,2014
5825,2014
5826,2014
5827,2014
5828,2014
5829,2014
5830,2014
5831,2014
5832,2014
5833,2014
5834,2014
5835,2014
5836,2014
5837,2014
5838,2014
5839,2014
5840,2014
5841,2014
5842,2014
5843,2014
5844,2014
5845,2014
5846,2014
5847,2014
5848,2014
5849,2014
5850,2014
5851,2014
5852,2014
5853,2014
5854,2014
5855,2014
5856,2014
5857,2014
5858,2014
5859,2014
5860,2014
5861,2014
5862,2014
5863,2014
5864,2014
5865,2014
5866,2014
5867,2014
5868,2014
5869,2014
5870,2014
5871,2014
5872,2014
5873,2014
5874,2014
5875,2014
5876,2014
5877,2014
5878,2014
5879,2014
5880,2014
5881,2014
5882,2014
5883,2014
5884,2014
5885,2014
5886,2014
5887,2014
5888,2014
5889,2014
5890,2014
5891,2014
5892,2014
5893,2014
5894,2014
5895,2014
5896,2014
5897,2014
5898,2014
5899,2014
5900,2014
5901,2014
5902,2014
5903,2014
5904,2014
5905,2014
5906,2014
5907,2014
5908,2014
5909,2014
5910,2014
5911,2014
5912,2014
5913,2014
5914,2014
5915,2014
5916,2014
5917,2014
5918,2014
5919,2014
5920,2014
5921,2014
5922,2014
5923,2014
5924,2014
5925,2014
5926,2014
5927,2014
5928,2014
5929,2014
5930,2014
5931,2014
5932,2014
5933,2014
5934,2014
5935,2014
5936,2014
5937,2014
5938,2014
5939,2014
5940,2014
5941,2014
5942,2014
5943,2014
5944,2014
5945,2014
5946,2014
5947,2014
5948,2014
5949,2014
5950,2014
5951,2014
5952,2014
5953,2014
5954,2014
5955,2014
5956,2014
5957,2014
5958,2014
5959,2014
5960,2014
5961,2014
5962,2014
5963,2014
5964,2014
5965,2014
5966,2014
5967,2014
5968,2014
5969,2014
5970,2014
5971,2014
5972,2014
5973,2014
5974,2014
5975,2014
5976,2014
5977,2014
5978,2014
5979,2014
5980,2014
5981,2014
5982,2014
5983,2014
5984,2014
5985,2014
5986,2014
5987,2014
5988,2014
5989,2014
5990,2014
5991,2014
5992,2014
5993,2014
5994,2014
5995,2014
5996,2014
5997,2014
5998,2014
5999,2014
6000,2014
6001,2014
6002,2014
6003,2014
6004,2014
6005,2014
6006,2014
6007,2014
6008,2014
6009,2014
6010,2014
6011,2014
6012,2014
6013,2014
6014,2014
6015,2014
6016,2014
6017,2014
6018,2014
6019,2014
6020,2014
6021,2014
6022,2014
6023,2014
6024,2014
6025,2014
6026,2014
6027,2014
6028,2014
6029,2014
6030,2014
6031,2014
6032,2014
6033,2014
6034,2014
6035,2014
6036,2014
6037,2014
6038,2014
6039,2014
6040,2014
6041,2014
6042,2014
6043,2014
6044,2014
6045,2014
6046,2014
6047,2014
6048,2014
6049,2014
6050,2014
6051,2014
6052,2014
6053,2014
6054,2014
6055,2014
6056,2014
6057,2014
6058,2014
6059,2014
6060,2014
6061,2014
6062,2014
6063,2014
6064,2014
6065,2014
6066,2014
6067,2014
6068,2014
6069,2014
6070,2014
6071,2014
6072,2014
6073,2014
6074,2014
6075,2014
6076,2014
6077,2014
6078,2014
6079,2014
6080,2014
6081,2014
6082,2014
6083,2014
6084,2014
6085,2014
6086,2014
6087,2014
6088,2014
6089,2014
6090,2014
6091,2014
6092,2014
6093,2014
6094,2014
6095,2014
6096,2014
6097,2014
6098,2014
6099,2014
6100,2014
6101,2014
6102,2014
6103,2014
6104,2014
6105,2014
6106,2014
6107,2014
6108,2014
6109,2014
6110,2014
6111,2014
6112,2014
6113,2014
6114,2014
6115,2014
6116,2014
6117,2014
6118,2014
6119,2014
6120,2014
6121,2014
6122,2014
6123,2014
6124,2014
6125,2014
6126,2014
6127,2014
6128,2014
6129,2014
6130,2014
6131,2014
6132,2014
6133,2014
6134,2014
6135,2014
6136,2014
6137,2014
6138,2014
6139,2014
6140,2014
6141,2014
6142,2014
6143,2014
6144,2014
6145,2014
6146,2014
6147,2014
6148,2014
6149,2014
6150,2014
6151,2014
6152,2014
6153,2014
6154,2014
6155,2014
6156,2014
6157,2014
6158,2014
6159,2014
6160,2014
6161,2014
6162,2014
6163,2014
6164,2014
6165,2014
6166,2014
6167,2014
6168,2014
6169,2014
6170,2014
6171,2014
6172,2014
6173,2014
6174,2014
6175,2014
6176,2014
6177,2014
6178,2014
6179,2014
6180,2014
6181,2014
6182,2014
6183,2014
6184,2014
6185,2014
6186,2014
6187,2014
6188,2014
6189,2014
6190,2014
6191,2014
6192,2014
6193,2014
6194,2014
6195,2014
6196,2014
6197,2014
6198,2014
6199,2014
6200,2014
6201,2014
6202,2014
6203,2014
6204,2014
6205,2014
6206,2014
6207,2014
6208,2014
6209,2014
6210,2014
6211,2014
6212,2014
6213,2014
6214,2014
6215,2014
6216,2014
6217,2014
6218,2014
6219,2014
6220,2014
6221,2014
6222,2014
6223,2014
6224,2014
13977,2020
13978,2020
13979,2020
13980,2020
13982,2020
13984,2020
13985,2020
13987,2020
13988,2020
13989,2020
13990,2020
13991,2020
13992,2020
13993,2020
13994,2020
13995,2020
13996,2020
14086,2020
14087,2020
14088,2020
14089,2020
14090,2020
14091,2020
14092,2020
14093,2020
14094,2020
14095,2020
14096,2020
14097,2020
14098,2020
14099,2020
14100,2020
14101,2020
14102,2020
14103,2020
14104,2020
14105,2020
14106,2020
14107,2020
14108,2020
14109,2020
14110,2020
14111,2020
14112,2020
14113,2020
14114,2020
14115,2020
14116,2020
14117,2020
14118,2020
14119,2020
14120,2020
14121,2020
14122,2020
14123,2020
14124,2020
14125,2020
14126,2020
14127,2020
14128,2020
14129,2020
14130,2020
14131,2020
14132,2020
14133,2020
14134,2020
14135,2020
14136,2020
14137,2020
14138,2020
14139,2020
14140,2020
14141,2020
14142,2020
14143,2020
14144,2020
14145,2020
14146,2020
14147,2020
14148,2020
14149,2020
14150,2020
14151,2020
14152,2020
14153,2020
14154,2020
14155,2020
14156,2020
14157,2020
14158,2020
14159,2020
14160,2020
14161,2020
14162,2020
14163,2020
14164,2020
14165,2020
14166,2020
14167,2020
14168,2020
14169,2020
14170,2020
14171,2020
14172,2020
14173,2020
14174,2020
14175,2020
14176,2020
14177,2020
14178,2020
14179,2020
14180,2020
14181,2020
14182,2020
14183,2020
14184,2020
14185,2020
14186,2020
14187,2020
14188,2020
14189,2020
14190,2020
14191,2020
14192,2020
14193,2020
14194,2020
14195,2020
14196,2020
14197,2020
14198,2020
14199,2020
14200,2020
14201,2020
14202,2020
14203,2020
14204,2020
14205,2020
14206,2020
14207,2020
14208,2020
14209,2020
14210,2020
14211,2020
14212,2020
14213,2020
14214,2020
14215,2020
14216,2020
14217,2020
14218,2020
14219,2020
14220,2020
14221,2020
14222,2020
14223,2020
14465,2020
14466,2020
14467,2020
14468,2020
14469,2020
14470,2020
14471,2020
14472,2020
14473,2020
14474,2020
14475,2020
14476,2020
14477,2020
14478,2020
14479,2020
14480,2020
14481,2020
14482,2020
14483,2020
14484,2020
14485,2020
14486,2020
14487,2020
14488,2020
14489,2020
14490,2020
14491,2020
14492,2020
14493,2020
14494,2020
14495,2020
14496,2020
14497,2020
14498,2020
14499,2020
14500,2020
14501,2020
14502,2020
14503,2020
14504,2020
14505,2020
14506,2020
14507,2020
14508,2020
14509,2020
14510,2020
14511,2020
14512,2020
14513,2020
14514,2020
14515,2020
14516,2020
14517,2020
14518,2020
14519,2020
14520,2020
14521,2020
14522,2020
14523,2020
14524,2020
14525,2020
14526,2020
14527,2020
14528,2020
14529,2020
14530,2020
14531,2020
14532,2020
14533,2020
14534,2020
14535,2020
14536,2020
14537,2020
14538,2020
14539,2020
14540,2020
14541,2020
14542,2020
14543,2020
14544,2020
14545,2020
14546,2020
14547,2020
14548,2020
14549,2020
14550,2020
14551,2020
14552,2020
14553,2020
14554,2020
14555,2020
14556,2020
14557,2020
14558,2020
14559,2020
14560,2020
14561,2020
14562,2020
14563,2020
14564,2020
14565,2020
14566,2020
14567,2020
14568,2020
14569,2020
14570,2020
14571,2020
14572,2020
14573,2020
14574,2020
14575,2020
14576,2020
14577,2020
14578,2020
14579,2020
14580,2020
14581,2020
14582,2020
14583,2020
14584,2020
14585,2020
14586,2020
14587,2020
14588,2020
14589,2020
14590,2020
14591,2020
14592,2020
14593,2020
14594,2020
14595,2020
14596,2020
14597,2020
14598,2020
14599,2020
14600,2020
14601,2020
14602,2020
14603,2020
14604,2020
14605,2020
14606,2020
14607,2020
14608,2020
14609,2020
14610,2020
14611,2020
14612,2020
14613,2020
14614,2020
14615,2020
14616,2020
14617,2020
14618,2020
14619,2020
14620,2020
14621,2020
14622,2020
14623,2020
14624,2020
14625,2020
14626,2020
14627,2020
14628,2020
14629,2020
14630,2020
14631,2020
14632,2020
14633,2020
14634,2020
14635,2020
14636,2020
14637,2020
14638,2020
14639,2020
14640,2020
14641,2020
14642,2020
14643,2020
14644,2020
14645,2020
14646,2020
14647,2020
14648,2020
14649,2020
14650,2020
14651,2020
14652,2020
14653,2020
14654,2020
14655,2020
14656,2020
14657,2020
14658,2020
14659,2020
14660,2020
14661,2020
14662,2020
14663,2020
14664,2020
14665,2020
14666,2020
14667,2020
14668,2020
14669,2020
14670,2020
14671,2020
14672,2020
14673,2020
14674,2020
14675,2020
14676,2020
14677,2020
14678,2020
14679,2020
14680,2020
14681,2020
14682,2020
14683,2020
14684,2020
14685,2020
14686,2020
14687,2020
14688,2020
14689,2020
14690,2020
14691,2020
14692,2020
14693,2020
14694,2020
14695,2020
14696,2020
14697,2020
14698,2020
14699,2020
14700,2020
14701,2020
14702,2020
14703,2020
14704,2020
14705,2020
14706,2020
14707,2020
14708,2020
14709,2020
14710,2020
14711,2020
14712,2020
14713,2020
14714,2020
14715,2020
14716,2020
14717,2020
14718,2020
14719,2020
14720,2020
14721,2020
14722,2020
14723,2020
14724,2020
14725,2020
14726,2020
14727,2020
14728,2020
14729,2020
14730,2020
14731,2020
14732,2020
14733,2020
14734,2020
14735,2020
14736,2020
14737,2020
14738,2020
14739,2020
14740,2020
14741,2020
14742,2020
14743,2020
14744,2020
14745,2020
14746,2020
14747,2020
14748,2020
14749,2020
14750,2020
14751,2020
14752,2020
14753,2020
14754,2020
14755,2020
14756,2020
14757,2020
14758,2020
14759,2020
14760,2020
14761,2020
14762,2020
14763,2020
14764,2020
14765,2020
14766,2020
14767,2020
14768,2020
14769,2020
14770,2020
14771,2020
14772,2020
14773,2020
14774,2020
14775,2020
14776,2020
14777,2020
14778,2020
14779,2020
14780,2020
14781,2020
14782,2020
14783,2020
14784,2020
14785,2020
14786,2020
14787,2020
14788,2020
14789,2020
14790,2020
14791,2020
14792,2020
14793,2020
14794,2020
14795,2020
14796,2020
14797,2020
14798,2020
14799,2020
14800,2020
14801,2020
14802,2020
14803,2020
14804,2020
14805,2020
14806,2020
14807,2020
14808,2020
14809,2020
14810,2020
14811,2020
14812,2020
14813,2020
14814,2020
14815,2020
14816,2020
14817,2020
14818,2020
14819,2020
14820,2020
14821,2020
14822,2020
14823,2020
14824,2020
14825,2020
14826,2020
14827,2020
14828,2020
14829,2020
14830,2020
14831,2020
14832,2020
14833,2020
14834,2020
14835,2020
14836,2020
14837,2020
14838,2020
14839,2020
14840,2020
14841,2020
14842,2020
14843,2020
14844,2020
14845,2020
14846,2020
14847,2020
14848,2020
14849,2020
14850,2020
14851,2020
14852,2020
14853,2020
14854,2020
14855,2020
14856,2020
14857,2020
14858,2020
14859,2020
14860,2020
14861,2020
14862,2020
14863,2020
14864,2020
14865,2020
14866,2020
14867,2020
14868,2020
14869,2020
14870,2020
14871,2020
14872,2020
14873,2020
14874,2020
14875,2020
14876,2020
14877,2020
14878,2020
14879,2020
14880,2020
14881,2020
14882,2020
14883,2020
14884,2020
14885,2020
14886,2020
14887,2020
14888,2020
14889,2020
14890,2020
14891,2020
14892,2020
14893,2020
14894,2020
14895,2020
14896,2020
14897,2020
14898,2020
14899,2020
14900,2020
14901,2020
14902,2020
14903,2020
14904,2020
14905,2020
14906,2020
14907,2020
14908,2020
14909,2020
14910,2020
14911,2020
14912,2020
14913,2020
14914,2020
14915,2020
14916,2020
14917,2020
14918,2020
14919,2020
14920,2020
14921,2020
14922,2020
14923,2020
14924,2020
14925,2020
14926,2020
14927,2020
14928,2020
14929,2020
14930,2020
14931,2020
14932,2020
14933,2020
14934,2020
14935,2020
14936,2020
14937,2020
14938,2020
14939,2020
14940,2020
14941,2020
14942,2020
14943,2020
14944,2020
14945,2020
14946,2020
14947,2020
14948,2020
14949,2020
14950,2020
14951,2020
14952,2020
14953,2020
14954,2020
14955,2020
14956,2020
14957,2020
14958,2020
14959,2020
14960,2020
14961,2020
14962,2020
14963,2020
14964,2020
14965,2020
14966,2020
14967,2020
14968,2020
14969,2020
14970,2020
14971,2020
14972,2020
14973,2020
14974,2020
14975,2020
14976,2020
14977,2020
14978,2020
14979,2020
14980,2020
14981,2020
14982,2020
14983,2020
14984,2020
14985,2020
14986,2020
14987,2020
14988,2020
14989,2020
14990,2020
14991,2020
14992,2020
14993,2020
14994,2020
14995,2020
14996,2020
14997,2020
14998,2020
14999,2020
15000,2020
15001,2020
15002,2020
15003,2020
15004,2020
15005,2020
15006,2020
15007,2020
15008,2020
15009,2020
15010,2020
15011,2020
15012,2020
15013,2020
15014,2020
15015,2020
15016,2020
15017,2020
15018,2020
15019,2020
15020,2020
15021,2020
15022,2020
15023,2020
15024,2020
15025,2020
15026,2020
15027,2020
15028,2020
15029,2020
15030,2020
15031,2020
15032,2020
15033,2020
15034,2020
15035,2020
15036,2020
15037,2020
15038,2020
15039,2020
15040,2020
15041,2020
15042,2020
15043,2020
15044,2020
15045,2020
15046,2020
15047,2020
15048,2020
15049,2020
15050,2020
15051,2020
15052,2020
15053,2020
15054,2020
15055,2020
15056,2020
15057,2020
15058,2020
15059,2020
15060,2020
15061,2020
15062,2020
15063,2020
15064,2020
15065,2020
15066,2020
15067,2020
15068,2020
15069,2020
15070,2020
15071,2020
15072,2020
15073,2020
15074,2020
15075,2020
15076,2020
15077,2020
15078,2020
15079,2020
15080,2020
15081,2020
15082,2020
15083,2020
15084,2020
15085,2020
15086,2020
15087,2020
15088,2020
15089,2020
15090,2020
15091,2020
15092,2020
15093,2020
15094,2020
15095,2020
15096,2020
15097,2020
15098,2020
15099,2020
15100,2020
15101,2020
15102,2020
15103,2020
15104,2020
15105,2020
15106,2020
15107,2020
15108,2020
15109,2020
15110,2020
15111,2020
15112,2020
15113,2020
15114,2020
15115,2020
15116,2020
15117,2020
15118,2020
15119,2020
15120,2020
15121,2020
15122,2020
15123,2020
15124,2020
15125,2020
15126,2020
15127,2020
15128,2020
15129,2020
15130,2020
15131,2020
15132,2020
15133,2020
15134,2020
15135,2020
15136,2020
15137,2020
15138,2020
15139,2020
15140,2020
15141,2020
15142,2020
15143,2020
15144,2020
15145,2020
15146,2020
15147,2020
15148,2020
15149,2020
15150,2020
15151,2020
15152,2020
15153,2020
15154,2020
15155,2020
15156,2020
15157,2020
15158,2020
15159,2020
15160,2020
15161,2020
15162,2020
15163,2020
15164,2020
15165,2020
15166,2020
15167,2020
15168,2020
15169,2020
15170,2020
15171,2020
15172,2020
15173,2020
15174,2020
15175,2020
15176,2020
15177,2020
15178,2020
15179,2020
15180,2020
15181,2020
15182,2020
15183,2020
15184,2020
15185,2020
15186,2020
15187,2020
15188,2020
15189,2020
15190,2020
15191,2020
15192,2020
15193,2020
15194,2020
15195,2020
15196,2020
15197,2020
15198,2020
15199,2020
15200,2020
15201,2020
15202,2020
15203,2020
15204,2020
15205,2020
15206,2020
15207,2020
15208,2020
15209,2020
15210,2020
15211,2020
15212,2020
15213,2020
15214,2020
15215,2020
15216,2020
15217,2020
15218,2020
15219,2020
15220,2020
15221,2020
15222,2020
15223,2020
15224,2020
15225,2020
15226,2020
15227,2020
15228,2020
15229,2020
15230,2020
15231,2020
15232,2020
15233,2020
15234,2020
15235,2020
15236,2020
15237,2020
15238,2020
15239,2020
15240,2020
15241,2020
15242,2020
15243,2020
15244,2020
15245,2020
15246,2020
15247,2020
15248,2020
15249,2020
15250,2020
15251,2020
15252,2020
15253,2020
15254,2020
15255,2020
15256,2020
15257,2020
15258,2020
15259,2020
15260,2020
15261,2020
15262,2020
15263,2020
15264,2020
15265,2020
15266,2020
15267,2020
15268,2020
15269,2020
15270,2020
15271,2020
15272,2020
15273,2020
15274,2020
15275,2020
15276,2020
15277,2020
15278,2020
15279,2020
15280,2020
15281,2020
15282,2020
15283,2020
15284,2020
15285,2020
15286,2020
15287,2020
15288,2020
15289,2020
15290,2020
15291,2020
15292,2020
15293,2020
15294,2020
15295,2020
15296,2020
15297,2020
15298,2020
15299,2020
15300,2020
15301,2020
15302,2020
15303,2020
15304,2020
15305,2020
15306,2020
15307,2020
15308,2020
15309,2020
15310,2020
15311,2020
15312,2020
15313,2020
15314,2020
15315,2020
15316,2020
15317,2020
15318,2020
15319,2020
15320,2020
15321,2020
15322,2020
15323,2020
15324,2020
15325,2020
15326,2020
15327,2020
15328,2020
15329,2020
15330,2020
15331,2020
15332,2020
15333,2020
15334,2020
15335,2020
15336,2020
15337,2020
15338,2020
15339,2020
15340,2020
15341,2020
15342,2020
15343,2020
15344,2020
15345,2020
15346,2020
15347,2020
15348,2020
15349,2020
15350,2020
15351,2020
15352,2020
15353,2020
15354,2020
15355,2020
15356,2020
15357,2020
15358,2020
15359,2020
15360,2020
15361,2020
15362,2020
15363,2020
15364,2020
15365,2020
15366,2020
15367,2020
15368,2020
15369,2020
15370,2020
15371,2020
15372,2020
15373,2020
15374,2020
15375,2020
15376,2020
15377,2020
15378,2020
15379,2020
15380,2020
15381,2020
15382,2020
15383,2020
15384,2020
15385,2020
15386,2020
15387,2020
15388,2020
15389,2020
15390,2020
15391,2020
15392,2020
15393,2020
15394,2020
15395,2020
15396,2020
15397,2020
15398,2020
15399,2020
15400,2020
15401,2020
15402,2020
15403,2020
15404,2020
15405,2020
15406,2020
15407,2020
15408,2020
15409,2020
15410,2020
15411,2020
15412,2020
15413,2020
15414,2020
15415,2020
15416,2020
15417,2020
15418,2020
15419,2020
15420,2020
15421,2020
15422,2020
15423,2020
15424,2020
15425,2020
15426,2020
15427,2020
15428,2020
15429,2020
15430,2020
15431,2020
15432,2020
15433,2020
15434,2020
15435,2020
15436,2020
15437,2020
15438,2020
15439,2020
15440,2020
15441,2020
15442,2020
15443,2020
15444,2020
15445,2020
15446,2020
15447,2020
15448,2020
15449,2020
15450,2020
15451,2020
15452,2020
15453,2020
15454,2020
15455,2020
15456,2020
15457,2020
15458,2020
15459,2020
15460,2020
15461,2020
15462,2020
15463,2020
15464,2020
15465,2020
15466,2020
15467,2020
15468,2020
15469,2020
15470,2020
15471,2020
15472,2020
15473,2020
15474,2020
15475,2020
15476,2020
15477,2020
15478,2020
15479,2020
15480,2020
15481,2020
15482,2020
15483,2020
15484,2020
15485,2020
15486,2020
15487,2020
15488,2020
15489,2020
15490,2020
15491,2020
15492,2020
15493,2020
15494,2020
15495,2020
15496,2020
15497,2020
15498,2020
15499,2020
15500,2020
15501,2020
15502,2020
15503,2020
15504,2020
15505,2020
15506,2020
15507,2020
15508,2020
15509,2020
15510,2020
15511,2020
15512,2020
15513,2020
15514,2020
15515,2020
15516,2020
15517,2020
15518,2020
15519,2020
15520,2020
15521,2020
15522,2020
15523,2020
15524,2020
15525,2020
15526,2020
15527,2020
15528,2020
15529,2020
15530,2020
15531,2020
15532,2020
15533,2020
15534,2020
15535,2020
15536,2020
15537,2020
15538,2020
15539,2020
15540,2020
15541,2020
15542,2020
15543,2020
15544,2020
15545,2020
15546,2020
15547,2020
15548,2020
15549,2020
15550,2020
15551,2020
15552,2020
15553,2020
15554,2020
15555,2020
15556,2020
15557,2020
15558,2020
15559,2020
15560,2020
15561,2020
15562,2020
15563,2020
15564,2020
15565,2020
15566,2020
15567,2020
15568,2020
15569,2020
15570,2020
15571,2020
15572,2020
15573,2020
15574,2020
15575,2020
15576,2020
15577,2020
15578,2020
15579,2020
15580,2020
15581,2020
15582,2020
15583,2020
15584,2020
15585,2020
15586,2020
15587,2020
15588,2020
15589,2020
15590,2020
15591,2020
15592,2020
15593,2020
15594,2020
15595,2020
15596,2020
15597,2020
15598,2020
15599,2020
15600,2020
15601,2020
15602,2020
15603,2020
15604,2020
15605,2020
15606,2020
15607,2020
15608,2020
15609,2020
15610,2020
15611,2020
15612,2020
15613,2020
15614,2020
15615,2020
15616,2020
15617,2020
15618,2020
15619,2020
15620,2020
15621,2020
15622,2020
15623,2020
15624,2020
15625,2020
15626,2020
15627,2020
15628,2020
15629,2020
15630,2020
15631,2020
15632,2020
15633,2020
15634,2020
15635,2020
15636,2020
15637,2020
15638,2020
15639,2020
15640,2020
15641,2020
15642,2020
15643,2020
15644,2020
15645,2020
15646,2020
15647,2020
15648,2020
15649,2020
15650,2020
15651,2020
15652,2020
15653,2020
15654,2020
15655,2020
15656,2020
15657,2020
15658,2020
15659,2020
15660,2020
15661,2020
15662,2020
15663,2020
15664,2020
15665,2020
15666,2020
15667,2020
15668,2020
15669,2020
15670,2020
15671,2020
15672,2020
15673,2020
15674,2020
15675,2020
15676,2020
15677,2020
15678,2020
15679,2020
15680,2020
15681,2020
15682,2020
15683,2020
15684,2020
15685,2020
15686,2020
15687,2020
15688,2020
15689,2020
15690,2020
15691,2020
15692,2020
15693,2020
15694,2020
15695,2020
15696,2020
15697,2020
15698,2020
15699,2020
15700,2020
15701,2020
15702,2020
15703,2020
15704,2020
15705,2020
15706,2020
15707,2020
15708,2020
15709,2020
15710,2020
15711,2020
15712,2020
15713,2020
15714,2020
15715,2020
15716,2020
15717,2020
15718,2020
15719,2020
15720,2020
15721,2020
15722,2020
15723,2020
15724,2020
15725,2020
15726,2020
15727,2020
15728,2020
15729,2020
15730,2020
15731,2020
15732,2020
15733,2020
15734,2020
15735,2020
15736,2020
15737,2020
15738,2020
15739,2020
15740,2020
15741,2020
15742,2020
15743,2020
15744,2020
15745,2020
15746,2020
15747,2020
15748,2020
15749,2020
15750,2020
15751,2020
15752,2020
15753,2020
15754,2020
15755,2020
15756,2020
15757,2020
15758,2020
15759,2020
15760,2020
15761,2020
15762,2020
15763,2020
15764,2020
15765,2020
15766,2020
15767,2020
15768,2020
15769,2020
15770,2020
15771,2020
15772,2020
15773,2020
15774,2020
15775,2020
15776,2020
15777,2020
15778,2020
15779,2020
15780,2020
15781,2020
15782,2020
15783,2020
15784,2020
15785,2020
15786,2020
15787,2020
15788,2020
15789,2020
15790,2020
15791,2020
15792,2020
15793,2020
15794,2020
15795,2020
15796,2020
15797,2020
15798,2020
15799,2020
15800,2020
15801,2020
15802,2020
15803,2020
15804,2020
15805,2020
15806,2020
15807,2020
15808,2020
15809,2020
15810,2020
15811,2020
15812,2020
15813,2020
15814,2020
15815,2020
15816,2020
15817,2020
15818,2020
15819,2020
15820,2020
15821,2020
15822,2020
15823,2020
15824,2020
15825,2020
15826,2020
15827,2020
15828,2020
15829,2020
15830,2020
15831,2020
15832,2020
15833,2020
15834,2020
15835,2020
15836,2020
15837,2020
15838,2020
15839,2020
15840,2020
15841,2020
15842,2020
15843,2020
15844,2020
15845,2020
15846,2020
15847,2020
15848,2020
15849,2020
15850,2020
15851,2020
15852,2020
15853,2020
15854,2020
15855,2020
15856,2020
15857,2020
15858,2020
15859,2020
15860,2020
15861,2020
15862,2020
15863,2020
15864,2020
15865,2020
15866,2020
15867,2020
15868,2020
15869,2020
15870,2020
15871,2020
15872,2020
15873,2020
15874,2020
15875,2020
15876,2020
15877,2020
15878,2020
15879,2020
15880,2020
15881,2020
15882,2020
15883,2020
15884,2020
15885,2020
15886,2020
15887,2020
15888,2020
15889,2020
15890,2020
15891,2020
15892,2020
15893,2020
15894,2020
15895,2020
15896,2020
15897,2020
15898,2020
15899,2020
15900,2020
15901,2020
15902,2020
15903,2020
15904,2020
15905,2020
15906,2020
15907,2020
15908,2020
15909,2020
15910,2020
15911,2020
15912,2020
15913,2020
15914,2020
15915,2020
15916,2020
15917,2020
15918,2020
15919,2020
15920,2020
15921,2020
15922,2020
15923,2020
15924,2020
15925,2020
15926,2020
15927,2020
15928,2020
15929,2020
15930,2020
15931,2020
15932,2020
15933,2020
15934,2020
15935,2020
15936,2020
15937,2020
15938,2020
15939,2020
15940,2020
15941,2020
15942,2020
15943,2020
15944,2020
15945,2020
15946,2020
15947,2020
15948,2020
15949,2020
15950,2020
15951,2020
15952,2020
15953,2020
15954,2020
15955,2020
15956,2020
15957,2020
15958,2020
15959,2020
15960,2020
15961,2020
15962,2020
15963,2020
15964,2020
15965,2020
15966,2020
15967,2020
15968,2020
15969,2020
15970,2020
15971,2020
15972,2020
15973,2020
15974,2020
15975,2020
15976,2020
15977,2020
15978,2020
15979,2020
15980,2020
15981,2020
15982,2020
15983,2020
15984,2020
15985,2020
15986,2020
15987,2020
15988,2020
15989,2020
15990,2020
15991,2020
15992,2020
15993,2020
15994,2020
15995,2020
15996,2020
15997,2020
15998,2020
15999,2020
16000,2020
16001,2020
16002,2020
16003,2020
16004,2020
16005,2020
16006,2020
16007,2020
16008,2020
16009,2020
16010,2020
16011,2020
16012,2020
16013,2020
16014,2020
16015,2020
16016,2020
16017,2020
16018,2020
16019,2020
16020,2020
16021,2020
16022,2020
16023,2020
16024,2020
16025,2020
16026,2020
16027,2020
16028,2020
16029,2020
16030,2020
16031,2020
16032,2020
16033,2020
16034,2020
16035,2020
16036,2020
16037,2020
16038,2020
16039,2020
16040,2020
16041,2020
16042,2020
16043,2020
16044,2020
16045,2020
16046,2020
16047,2020
16048,2020
16049,2020
16050,2020
16051,2020
16052,2020
16053,2020
16054,2020
16055,2020
16056,2020
16057,2020
16058,2020
16059,2020
16060,2020
16061,2020
16062,2020
16063,2020
16064,2020
16065,2020
16066,2020
16067,2020
16068,2020
16069,2020
16070,2020
16071,2020
16072,2020
16073,2020
16074,2020
16075,2020
16076,2020
16077,2020
16078,2020
16079,2020
16080,2020
16081,2020
16082,2020
16083,2020
16084,2020
16085,2020
16086,2020
16087,2020
16088,2020
16089,2020
16090,2020
16091,2020
16092,2020
16093,2020
16094,2020
16095,2020
16096,2020
16097,2020
16098,2020
16099,2020
16100,2020
16101,2020
16102,2020
16103,2020
16104,2020
16105,2020
16106,2020
16107,2020
16108,2020
16109,2020
16110,2020
16111,2020
16112,2020
16113,2020
16114,2020
16115,2020
16116,2020
16117,2020
16118,2020
16119,2020
16120,2020
16121,2020
16122,2020
16123,2020
16124,2020
16125,2020
16126,2020
16127,2020
16128,2020
16129,2020
16130,2020
16131,2020
16132,2020
16133,2020
16134,2020
16135,2020
